method,comparison,auc,n,ci_low,ci_high
PCA (T2/Q),CN vs MCI,0.6959061626913574,430,,
PCA (T2/Q),CN vs AD,0.8897878854143888,303,0.8335884539689482,0.9368084408484584
PCA (T2/Q),CN vs MCI+AD,0.7297111810122963,464,,
GMM (-log-lik),CN vs MCI,0.6978918931399942,430,,
GMM (-log-lik),CN vs AD,0.8807128799475181,303,0.8063607041329544,0.9387737808878198
GMM (-log-lik),CN vs MCI+AD,0.7297683728910493,464,,
Autoencoder (recon. error),CN vs MCI,0.7102218938326906,430,,
Autoencoder (recon. error),CN vs AD,0.8655149792258912,303,0.7941039798819155,0.9219330855018587
Autoencoder (recon. error),CN vs MCI+AD,0.7372986369268899,464,,
