rank,lr,hidden-dim,weight-decay,num-layers,metric,score,elapsed_s,checkpoint
1,1e-3,256,0,2,ap,0.9759,15.4,/Users/giorgioscavello/Documents/GitHub/pellegrinoscavello2425/scripts/../GNNs/weights/tuning/mlp_encoded/trial_022.pt
2,1e-3,256,5e-4,2,ap,0.9751,62.4,/Users/giorgioscavello/Documents/GitHub/pellegrinoscavello2425/scripts/../GNNs/weights/tuning/mlp_encoded/trial_020.pt
3,1e-4,256,0,2,ap,0.9744,189.7,/Users/giorgioscavello/Documents/GitHub/pellegrinoscavello2425/scripts/../GNNs/weights/tuning/mlp_encoded/trial_034.pt
4,1e-4,256,5e-4,2,ap,0.9732,165.8,/Users/giorgioscavello/Documents/GitHub/pellegrinoscavello2425/scripts/../GNNs/weights/tuning/mlp_encoded/trial_032.pt
5,1e-3,256,5e-4,3,ap,0.9692,87.0,/Users/giorgioscavello/Documents/GitHub/pellegrinoscavello2425/scripts/../GNNs/weights/tuning/mlp_encoded/trial_021.pt
6,1e-3,256,0,3,ap,0.9689,83.7,/Users/giorgioscavello/Documents/GitHub/pellegrinoscavello2425/scripts/../GNNs/weights/tuning/mlp_encoded/trial_023.pt
7,1e-4,256,0,3,ap,0.9677,221.5,/Users/giorgioscavello/Documents/GitHub/pellegrinoscavello2425/scripts/../GNNs/weights/tuning/mlp_encoded/trial_035.pt
8,1e-4,256,5e-4,3,ap,0.9671,203.3,/Users/giorgioscavello/Documents/GitHub/pellegrinoscavello2425/scripts/../GNNs/weights/tuning/mlp_encoded/trial_033.pt
9,1e-2,256,5e-4,3,ap,0.9618,70.1,/Users/giorgioscavello/Documents/GitHub/pellegrinoscavello2425/scripts/../GNNs/weights/tuning/mlp_encoded/trial_009.pt
10,1e-2,256,0,3,ap,0.9561,60.9,/Users/giorgioscavello/Documents/GitHub/pellegrinoscavello2425/scripts/../GNNs/weights/tuning/mlp_encoded/trial_011.pt
11,1e-3,128,0,2,ap,0.9475,41.6,/Users/giorgioscavello/Documents/GitHub/pellegrinoscavello2425/scripts/../GNNs/weights/tuning/mlp_encoded/trial_018.pt
12,1e-4,128,0,2,ap,0.9471,110.4,/Users/giorgioscavello/Documents/GitHub/pellegrinoscavello2425/scripts/../GNNs/weights/tuning/mlp_encoded/trial_030.pt
13,1e-4,128,5e-4,3,ap,0.947,165.2,/Users/giorgioscavello/Documents/GitHub/pellegrinoscavello2425/scripts/../GNNs/weights/tuning/mlp_encoded/trial_029.pt
14,1e-3,128,5e-4,2,ap,0.9458,44.7,/Users/giorgioscavello/Documents/GitHub/pellegrinoscavello2425/scripts/../GNNs/weights/tuning/mlp_encoded/trial_016.pt
15,1e-4,128,5e-4,2,ap,0.9446,156.9,/Users/giorgioscavello/Documents/GitHub/pellegrinoscavello2425/scripts/../GNNs/weights/tuning/mlp_encoded/trial_028.pt
16,1e-4,128,0,3,ap,0.9438,109.7,/Users/giorgioscavello/Documents/GitHub/pellegrinoscavello2425/scripts/../GNNs/weights/tuning/mlp_encoded/trial_031.pt
17,1e-3,128,5e-4,3,ap,0.9429,46.5,/Users/giorgioscavello/Documents/GitHub/pellegrinoscavello2425/scripts/../GNNs/weights/tuning/mlp_encoded/trial_017.pt
18,1e-3,128,0,3,ap,0.9376,46.4,/Users/giorgioscavello/Documents/GitHub/pellegrinoscavello2425/scripts/../GNNs/weights/tuning/mlp_encoded/trial_019.pt
19,1e-2,256,5e-4,2,ap,0.9321,49.4,/Users/giorgioscavello/Documents/GitHub/pellegrinoscavello2425/scripts/../GNNs/weights/tuning/mlp_encoded/trial_008.pt
20,1e-2,128,5e-4,3,ap,0.9094,37.5,/Users/giorgioscavello/Documents/GitHub/pellegrinoscavello2425/scripts/../GNNs/weights/tuning/mlp_encoded/trial_005.pt
21,1e-3,64,0,2,ap,0.9033,28.4,/Users/giorgioscavello/Documents/GitHub/pellegrinoscavello2425/scripts/../GNNs/weights/tuning/mlp_encoded/trial_014.pt
22,1e-4,64,0,2,ap,0.901,84.8,/Users/giorgioscavello/Documents/GitHub/pellegrinoscavello2425/scripts/../GNNs/weights/tuning/mlp_encoded/trial_026.pt
23,1e-3,64,5e-4,2,ap,0.9004,32.3,/Users/giorgioscavello/Documents/GitHub/pellegrinoscavello2425/scripts/../GNNs/weights/tuning/mlp_encoded/trial_012.pt
24,1e-4,64,5e-4,2,ap,0.9,66.1,/Users/giorgioscavello/Documents/GitHub/pellegrinoscavello2425/scripts/../GNNs/weights/tuning/mlp_encoded/trial_024.pt
25,1e-2,256,0,2,ap,0.8895,58.0,/Users/giorgioscavello/Documents/GitHub/pellegrinoscavello2425/scripts/../GNNs/weights/tuning/mlp_encoded/trial_010.pt
26,1e-4,64,0,3,ap,0.8792,117.2,/Users/giorgioscavello/Documents/GitHub/pellegrinoscavello2425/scripts/../GNNs/weights/tuning/mlp_encoded/trial_027.pt
27,1e-4,64,5e-4,3,ap,0.8753,101.8,/Users/giorgioscavello/Documents/GitHub/pellegrinoscavello2425/scripts/../GNNs/weights/tuning/mlp_encoded/trial_025.pt
28,1e-2,128,0,3,ap,0.8746,33.0,/Users/giorgioscavello/Documents/GitHub/pellegrinoscavello2425/scripts/../GNNs/weights/tuning/mlp_encoded/trial_007.pt
29,1e-2,64,0,2,ap,0.8741,22.5,/Users/giorgioscavello/Documents/GitHub/pellegrinoscavello2425/scripts/../GNNs/weights/tuning/mlp_encoded/trial_002.pt
30,1e-2,64,5e-4,2,ap,0.865,23.9,/Users/giorgioscavello/Documents/GitHub/pellegrinoscavello2425/scripts/../GNNs/weights/tuning/mlp_encoded/trial_000.pt
31,1e-3,64,0,3,ap,0.8644,41.1,/Users/giorgioscavello/Documents/GitHub/pellegrinoscavello2425/scripts/../GNNs/weights/tuning/mlp_encoded/trial_015.pt
32,1e-3,64,5e-4,3,ap,0.8622,38.4,/Users/giorgioscavello/Documents/GitHub/pellegrinoscavello2425/scripts/../GNNs/weights/tuning/mlp_encoded/trial_013.pt
33,1e-2,64,0,3,ap,0.7744,23.8,/Users/giorgioscavello/Documents/GitHub/pellegrinoscavello2425/scripts/../GNNs/weights/tuning/mlp_encoded/trial_003.pt
34,1e-2,128,5e-4,2,ap,0.7621,32.0,/Users/giorgioscavello/Documents/GitHub/pellegrinoscavello2425/scripts/../GNNs/weights/tuning/mlp_encoded/trial_004.pt
35,1e-2,64,5e-4,3,ap,0.7506,23.0,/Users/giorgioscavello/Documents/GitHub/pellegrinoscavello2425/scripts/../GNNs/weights/tuning/mlp_encoded/trial_001.pt
36,1e-2,128,0,2,ap,0.7402,33.0,/Users/giorgioscavello/Documents/GitHub/pellegrinoscavello2425/scripts/../GNNs/weights/tuning/mlp_encoded/trial_006.pt
